,Date_x,Open,High,Low,Close,Adj Close,PP,R1,S1,R2,S2,R3,S3,R4,S4,R5,S5
0,2019-10-10,1.64,1.64,1.5,1.53,1.53,,,,,,,,,,,
1,2019-10-11,1.55,1.59,1.5,1.56,1.56,,,,,,,,,,,
2,2019-10-14,1.56,1.57,1.52,1.53,1.53,,,,,,,,,,,
3,2019-10-15,1.63,1.64,1.54,1.55,1.55,,,,,,,,,,,
4,2019-10-16,1.46,1.52,1.4,1.46,1.46,,,,,,,,,,,
5,2019-10-17,1.46,1.5,1.42,1.46,1.46,,,,,,,,,,,
6,2019-10-18,1.45,1.55,1.44,1.52,1.52,,,,,,,,,,,
7,2019-10-21,1.52,1.77,1.49,1.69,1.69,,,,,,,,,,,
8,2019-10-22,1.7,1.77,1.52,1.58,1.58,,,,,,,,,,,
9,2019-10-23,1.58,1.6,1.52,1.53,1.53,,,,,,,,,,,
10,2019-10-24,1.57,1.6,1.53,1.54,1.54,,,,,,,,,,,
11,2019-10-25,1.54,1.56,1.5,1.51,1.51,,,,,,,,,,,
12,2019-10-28,1.43,1.5,1.38,1.48,1.48,,,,,,,,,,,
13,2019-10-29,1.45,1.45,1.39,1.39,1.39,,,,,,,,,,,
14,2019-10-30,1.42,1.45,1.36,1.43,1.43,,,,,,,,,,,
15,2019-10-31,1.47,1.54,1.44,1.45,1.45,,,,,,,,,,,
16,2019-11-01,1.49,1.55,1.49,1.52,1.52,,,,,,,,,,,
17,2019-11-04,1.65,1.9,1.58,1.71,1.71,,,,,,,,,,,
18,2019-11-05,1.88,2.38,1.8,2.34,2.34,,,,,,,,,,,
19,2019-11-06,2.46,2.46,1.96,2.03,2.03,,,,,,,,,,,
20,2019-11-07,2.11,2.2,2.05,2.07,2.07,,,,,,,,,,,
21,2019-11-08,2.13,2.13,1.94,1.98,1.98,,,,,,,,,,,
22,2019-11-11,1.9,1.96,1.78,1.86,1.86,,,,,,,,,,,
23,2019-11-12,1.9,2.05,1.83,1.94,1.94,,,,,,,,,,,
24,2019-11-13,1.9,1.99,1.85,1.9,1.9,,,,,,,,,,,
25,2019-11-14,1.86,1.89,1.66,1.75,1.75,,,,,,,,,,,
26,2019-11-15,1.75,1.84,1.66,1.8,1.8,,,,,,,,,,,
27,2019-11-18,1.88,1.9,1.73,1.8,1.8,,,,,,,,,,,
28,2019-11-19,1.78,1.89,1.78,1.83,1.83,,,,,,,,,,,
29,2019-11-20,1.85,1.87,1.77,1.84,1.84,,,,,,,,,,,
30,2019-11-21,1.87,2.04,1.82,1.98,1.98,,,,,,,,,,,
31,2019-11-22,2.04,2.05,1.88,1.94,1.94,,,,,,,,,,,
32,2019-11-25,1.99,2.12,1.96,2.05,2.05,,,,,,,,,,,
33,2019-11-26,2.12,2.29,2.12,2.28,2.28,,,,,,,,,,,
34,2019-11-27,2.32,2.5,2.28,2.46,2.46,,,,,,,,,,,
35,2019-11-29,2.36,2.36,2.2,2.27,2.27,,,,,,,,,,,
36,2019-12-02,2.35,2.44,2.3,2.44,2.44,2.0866666666666664,2.6833333333333327,1.673333333333333,3.0966666666666667,1.0766666666666664,3.693333333333333,0.6633333333333331,4.29,0.25,4.886666666666666,-0.163333333333334
37,2019-12-03,2.31,2.48,2.25,2.4,2.4,2.0866666666666664,2.6833333333333327,1.673333333333333,3.0966666666666667,1.0766666666666664,3.693333333333333,0.6633333333333331,4.29,0.25,4.886666666666666,-0.163333333333334
38,2019-12-04,2.42,2.58,2.41,2.42,2.42,2.0866666666666664,2.6833333333333327,1.673333333333333,3.0966666666666667,1.0766666666666664,3.693333333333333,0.6633333333333331,4.29,0.25,4.886666666666666,-0.163333333333334
39,2019-12-05,2.53,2.57,2.25,2.27,2.27,2.0866666666666664,2.6833333333333327,1.673333333333333,3.0966666666666667,1.0766666666666664,3.693333333333333,0.6633333333333331,4.29,0.25,4.886666666666666,-0.163333333333334
40,2019-12-06,2.32,2.34,2.2,2.26,2.26,2.0866666666666664,2.6833333333333327,1.673333333333333,3.0966666666666667,1.0766666666666664,3.693333333333333,0.6633333333333331,4.29,0.25,4.886666666666666,-0.163333333333334
41,2019-12-09,2.21,2.25,2.11,2.22,2.22,2.0866666666666664,2.6833333333333327,1.673333333333333,3.0966666666666667,1.0766666666666664,3.693333333333333,0.6633333333333331,4.29,0.25,4.886666666666666,-0.163333333333334
42,2019-12-10,2.2,2.28,2.14,2.27,2.27,2.0866666666666664,2.6833333333333327,1.673333333333333,3.0966666666666667,1.0766666666666664,3.693333333333333,0.6633333333333331,4.29,0.25,4.886666666666666,-0.163333333333334
43,2019-12-11,2.26,2.32,2.23,2.26,2.26,2.0866666666666664,2.6833333333333327,1.673333333333333,3.0966666666666667,1.0766666666666664,3.693333333333333,0.6633333333333331,4.29,0.25,4.886666666666666,-0.163333333333334
44,2019-12-12,2.3,2.33,2.26,2.27,2.27,2.0866666666666664,2.6833333333333327,1.673333333333333,3.0966666666666667,1.0766666666666664,3.693333333333333,0.6633333333333331,4.29,0.25,4.886666666666666,-0.163333333333334
45,2019-12-13,2.31,2.43,2.29,2.39,2.39,2.0866666666666664,2.6833333333333327,1.673333333333333,3.0966666666666667,1.0766666666666664,3.693333333333333,0.6633333333333331,4.29,0.25,4.886666666666666,-0.163333333333334
46,2019-12-16,2.44,2.55,2.39,2.48,2.48,2.0866666666666664,2.6833333333333327,1.673333333333333,3.0966666666666667,1.0766666666666664,3.693333333333333,0.6633333333333331,4.29,0.25,4.886666666666666,-0.163333333333334
47,2019-12-17,2.54,2.63,2.5,2.59,2.59,2.0866666666666664,2.6833333333333327,1.673333333333333,3.0966666666666667,1.0766666666666664,3.693333333333333,0.6633333333333331,4.29,0.25,4.886666666666666,-0.163333333333334
48,2019-12-18,2.58,2.67,2.54,2.63,2.63,2.0866666666666664,2.6833333333333327,1.673333333333333,3.0966666666666667,1.0766666666666664,3.693333333333333,0.6633333333333331,4.29,0.25,4.886666666666666,-0.163333333333334
49,2019-12-19,2.69,2.73,2.61,2.62,2.62,2.0866666666666664,2.6833333333333327,1.673333333333333,3.0966666666666667,1.0766666666666664,3.693333333333333,0.6633333333333331,4.29,0.25,4.886666666666666,-0.163333333333334
50,2019-12-20,2.65,2.72,2.63,2.69,2.69,2.0866666666666664,2.6833333333333327,1.673333333333333,3.0966666666666667,1.0766666666666664,3.693333333333333,0.6633333333333331,4.29,0.25,4.886666666666666,-0.163333333333334
51,2019-12-23,2.74,2.76,2.65,2.67,2.67,2.0866666666666664,2.6833333333333327,1.673333333333333,3.0966666666666667,1.0766666666666664,3.693333333333333,0.6633333333333331,4.29,0.25,4.886666666666666,-0.163333333333334
52,2019-12-24,2.63,2.63,2.45,2.53,2.53,2.0866666666666664,2.6833333333333327,1.673333333333333,3.0966666666666667,1.0766666666666664,3.693333333333333,0.6633333333333331,4.29,0.25,4.886666666666666,-0.163333333333334
53,2019-12-26,2.45,2.52,2.35,2.51,2.51,2.0866666666666664,2.6833333333333327,1.673333333333333,3.0966666666666667,1.0766666666666664,3.693333333333333,0.6633333333333331,4.29,0.25,4.886666666666666,-0.163333333333334
54,2019-12-27,2.54,2.55,2.41,2.42,2.42,2.0866666666666664,2.6833333333333327,1.673333333333333,3.0966666666666667,1.0766666666666664,3.693333333333333,0.6633333333333331,4.29,0.25,4.886666666666666,-0.163333333333334
55,2019-12-30,2.92,4.87,2.88,3.72,3.72,2.0866666666666664,2.6833333333333327,1.673333333333333,3.0966666666666667,1.0766666666666664,3.693333333333333,0.6633333333333331,4.29,0.25,4.886666666666666,-0.163333333333334
56,2019-12-31,4.15,4.42,3.82,4.02,4.02,2.0866666666666664,2.6833333333333327,1.673333333333333,3.0966666666666667,1.0766666666666664,3.693333333333333,0.6633333333333331,4.29,0.25,4.886666666666666,-0.163333333333334
57,2020-01-02,4.1,4.1,3.61,3.72,3.72,3.6666666666666665,5.223333333333333,2.463333333333333,6.426666666666667,0.9066666666666663,7.983333333333333,-0.29666666666666774,9.54,-1.5,11.096666666666668,-2.703333333333335
58,2020-01-03,3.5,3.9,3.48,3.83,3.83,3.6666666666666665,5.223333333333333,2.463333333333333,6.426666666666667,0.9066666666666663,7.983333333333333,-0.29666666666666774,9.54,-1.5,11.096666666666668,-2.703333333333335
59,2020-01-06,4.19,4.24,3.66,3.68,3.68,3.6666666666666665,5.223333333333333,2.463333333333333,6.426666666666667,0.9066666666666663,7.983333333333333,-0.29666666666666774,9.54,-1.5,11.096666666666668,-2.703333333333335
60,2020-01-07,3.7,3.73,3.21,3.24,3.24,3.6666666666666665,5.223333333333333,2.463333333333333,6.426666666666667,0.9066666666666663,7.983333333333333,-0.29666666666666774,9.54,-1.5,11.096666666666668,-2.703333333333335
61,2020-01-08,3.14,3.49,3.13,3.39,3.39,3.6666666666666665,5.223333333333333,2.463333333333333,6.426666666666667,0.9066666666666663,7.983333333333333,-0.29666666666666774,9.54,-1.5,11.096666666666668,-2.703333333333335
62,2020-01-09,3.44,3.58,3.33,3.46,3.46,3.6666666666666665,5.223333333333333,2.463333333333333,6.426666666666667,0.9066666666666663,7.983333333333333,-0.29666666666666774,9.54,-1.5,11.096666666666668,-2.703333333333335
63,2020-01-10,3.49,3.58,3.4,3.51,3.51,3.6666666666666665,5.223333333333333,2.463333333333333,6.426666666666667,0.9066666666666663,7.983333333333333,-0.29666666666666774,9.54,-1.5,11.096666666666668,-2.703333333333335
64,2020-01-13,3.71,3.73,3.52,3.7,3.7,3.6666666666666665,5.223333333333333,2.463333333333333,6.426666666666667,0.9066666666666663,7.983333333333333,-0.29666666666666774,9.54,-1.5,11.096666666666668,-2.703333333333335
65,2020-01-14,3.7,3.82,3.61,3.76,3.76,3.6666666666666665,5.223333333333333,2.463333333333333,6.426666666666667,0.9066666666666663,7.983333333333333,-0.29666666666666774,9.54,-1.5,11.096666666666668,-2.703333333333335
66,2020-01-15,4.19,4.48,4.0,4.29,4.29,3.6666666666666665,5.223333333333333,2.463333333333333,6.426666666666667,0.9066666666666663,7.983333333333333,-0.29666666666666774,9.54,-1.5,11.096666666666668,-2.703333333333335
67,2020-01-16,3.99,4.4,3.91,4.37,4.37,3.6666666666666665,5.223333333333333,2.463333333333333,6.426666666666667,0.9066666666666663,7.983333333333333,-0.29666666666666774,9.54,-1.5,11.096666666666668,-2.703333333333335
68,2020-01-17,4.51,4.71,4.46,4.67,4.67,3.6666666666666665,5.223333333333333,2.463333333333333,6.426666666666667,0.9066666666666663,7.983333333333333,-0.29666666666666774,9.54,-1.5,11.096666666666668,-2.703333333333335
69,2020-01-21,4.6,5.29,4.52,5.17,5.17,3.6666666666666665,5.223333333333333,2.463333333333333,6.426666666666667,0.9066666666666663,7.983333333333333,-0.29666666666666774,9.54,-1.5,11.096666666666668,-2.703333333333335
70,2020-01-22,5.42,5.65,4.69,4.79,4.79,3.6666666666666665,5.223333333333333,2.463333333333333,6.426666666666667,0.9066666666666663,7.983333333333333,-0.29666666666666774,9.54,-1.5,11.096666666666668,-2.703333333333335
71,2020-01-23,4.57,4.95,4.31,4.92,4.92,3.6666666666666665,5.223333333333333,2.463333333333333,6.426666666666667,0.9066666666666663,7.983333333333333,-0.29666666666666774,9.54,-1.5,11.096666666666668,-2.703333333333335
72,2020-01-24,5.0,5.06,4.51,4.66,4.66,3.6666666666666665,5.223333333333333,2.463333333333333,6.426666666666667,0.9066666666666663,7.983333333333333,-0.29666666666666774,9.54,-1.5,11.096666666666668,-2.703333333333335
73,2020-01-27,3.99,4.35,3.84,4.01,4.01,3.6666666666666665,5.223333333333333,2.463333333333333,6.426666666666667,0.9066666666666663,7.983333333333333,-0.29666666666666774,9.54,-1.5,11.096666666666668,-2.703333333333335
74,2020-01-28,4.25,4.27,4.03,4.21,4.21,3.6666666666666665,5.223333333333333,2.463333333333333,6.426666666666667,0.9066666666666663,7.983333333333333,-0.29666666666666774,9.54,-1.5,11.096666666666668,-2.703333333333335
75,2020-01-29,4.23,4.33,4.02,4.27,4.27,3.6666666666666665,5.223333333333333,2.463333333333333,6.426666666666667,0.9066666666666663,7.983333333333333,-0.29666666666666774,9.54,-1.5,11.096666666666668,-2.703333333333335
76,2020-01-30,4.24,4.38,4.01,4.08,4.08,3.6666666666666665,5.223333333333333,2.463333333333333,6.426666666666667,0.9066666666666663,7.983333333333333,-0.29666666666666774,9.54,-1.5,11.096666666666668,-2.703333333333335
77,2020-01-31,4.02,4.04,3.67,3.78,3.78,3.6666666666666665,5.223333333333333,2.463333333333333,6.426666666666667,0.9066666666666663,7.983333333333333,-0.29666666666666774,9.54,-1.5,11.096666666666668,-2.703333333333335
78,2020-02-03,3.54,4.11,3.52,4.06,4.06,4.1866666666666665,5.243333333333333,2.7233333333333327,6.706666666666667,1.666666666666666,7.763333333333334,0.20333333333333137,8.819999999999999,-1.2600000000000051,9.876666666666667,-2.7233333333333363
79,2020-02-04,4.29,4.7,4.16,4.51,4.51,4.1866666666666665,5.243333333333333,2.7233333333333327,6.706666666666667,1.666666666666666,7.763333333333334,0.20333333333333137,8.819999999999999,-1.2600000000000051,9.876666666666667,-2.7233333333333363
80,2020-02-05,4.37,4.48,4.13,4.39,4.39,4.1866666666666665,5.243333333333333,2.7233333333333327,6.706666666666667,1.666666666666666,7.763333333333334,0.20333333333333137,8.819999999999999,-1.2600000000000051,9.876666666666667,-2.7233333333333363
81,2020-02-06,4.2,4.33,4.05,4.08,4.08,4.1866666666666665,5.243333333333333,2.7233333333333327,6.706666666666667,1.666666666666666,7.763333333333334,0.20333333333333137,8.819999999999999,-1.2600000000000051,9.876666666666667,-2.7233333333333363
82,2020-02-07,4.02,4.02,3.74,3.81,3.81,4.1866666666666665,5.243333333333333,2.7233333333333327,6.706666666666667,1.666666666666666,7.763333333333334,0.20333333333333137,8.819999999999999,-1.2600000000000051,9.876666666666667,-2.7233333333333363
83,2020-02-10,3.67,3.91,3.62,3.87,3.87,4.1866666666666665,5.243333333333333,2.7233333333333327,6.706666666666667,1.666666666666666,7.763333333333334,0.20333333333333137,8.819999999999999,-1.2600000000000051,9.876666666666667,-2.7233333333333363
84,2020-02-11,3.83,4.05,3.8,3.96,3.96,4.1866666666666665,5.243333333333333,2.7233333333333327,6.706666666666667,1.666666666666666,7.763333333333334,0.20333333333333137,8.819999999999999,-1.2600000000000051,9.876666666666667,-2.7233333333333363
85,2020-02-12,4.0,4.2,3.98,4.07,4.07,4.1866666666666665,5.243333333333333,2.7233333333333327,6.706666666666667,1.666666666666666,7.763333333333334,0.20333333333333137,8.819999999999999,-1.2600000000000051,9.876666666666667,-2.7233333333333363
86,2020-02-13,3.95,4.05,3.86,4.03,4.03,4.1866666666666665,5.243333333333333,2.7233333333333327,6.706666666666667,1.666666666666666,7.763333333333334,0.20333333333333137,8.819999999999999,-1.2600000000000051,9.876666666666667,-2.7233333333333363
87,2020-02-14,4.02,4.04,3.75,3.77,3.77,4.1866666666666665,5.243333333333333,2.7233333333333327,6.706666666666667,1.666666666666666,7.763333333333334,0.20333333333333137,8.819999999999999,-1.2600000000000051,9.876666666666667,-2.7233333333333363
88,2020-02-18,3.9,3.98,3.76,3.8,3.8,4.1866666666666665,5.243333333333333,2.7233333333333327,6.706666666666667,1.666666666666666,7.763333333333334,0.20333333333333137,8.819999999999999,-1.2600000000000051,9.876666666666667,-2.7233333333333363
89,2020-02-19,3.93,4.1,3.86,4.08,4.08,4.1866666666666665,5.243333333333333,2.7233333333333327,6.706666666666667,1.666666666666666,7.763333333333334,0.20333333333333137,8.819999999999999,-1.2600000000000051,9.876666666666667,-2.7233333333333363
90,2020-02-20,4.1,4.4,4.01,4.26,4.26,4.1866666666666665,5.243333333333333,2.7233333333333327,6.706666666666667,1.666666666666666,7.763333333333334,0.20333333333333137,8.819999999999999,-1.2600000000000051,9.876666666666667,-2.7233333333333363
91,2020-02-21,4.2,4.2,4.02,4.08,4.08,4.1866666666666665,5.243333333333333,2.7233333333333327,6.706666666666667,1.666666666666666,7.763333333333334,0.20333333333333137,8.819999999999999,-1.2600000000000051,9.876666666666667,-2.7233333333333363
92,2020-02-24,3.79,3.94,3.76,3.88,3.88,4.1866666666666665,5.243333333333333,2.7233333333333327,6.706666666666667,1.666666666666666,7.763333333333334,0.20333333333333137,8.819999999999999,-1.2600000000000051,9.876666666666667,-2.7233333333333363
93,2020-02-25,5.18,5.19,4.24,4.4,4.4,4.1866666666666665,5.243333333333333,2.7233333333333327,6.706666666666667,1.666666666666666,7.763333333333334,0.20333333333333137,8.819999999999999,-1.2600000000000051,9.876666666666667,-2.7233333333333363
94,2020-02-26,4.5,4.71,4.3,4.34,4.34,4.1866666666666665,5.243333333333333,2.7233333333333327,6.706666666666667,1.666666666666666,7.763333333333334,0.20333333333333137,8.819999999999999,-1.2600000000000051,9.876666666666667,-2.7233333333333363
95,2020-02-27,4.09,4.3,3.92,4.14,4.14,4.1866666666666665,5.243333333333333,2.7233333333333327,6.706666666666667,1.666666666666666,7.763333333333334,0.20333333333333137,8.819999999999999,-1.2600000000000051,9.876666666666667,-2.7233333333333363
96,2020-02-28,3.96,4.14,3.87,4.13,4.13,4.1866666666666665,5.243333333333333,2.7233333333333327,6.706666666666667,1.666666666666666,7.763333333333334,0.20333333333333137,8.819999999999999,-1.2600000000000051,9.876666666666667,-2.7233333333333363
97,2020-03-02,4.15,4.19,3.9,4.11,4.11,4.28,5.040000000000001,3.37,5.950000000000001,2.61,6.710000000000001,1.6999999999999993,7.47,0.7899999999999991,8.23,-0.120000000000001
98,2020-03-03,4.08,4.21,3.95,4.06,4.06,4.28,5.040000000000001,3.37,5.950000000000001,2.61,6.710000000000001,1.6999999999999993,7.47,0.7899999999999991,8.23,-0.120000000000001
99,2020-03-04,4.03,4.07,3.77,3.87,3.87,4.28,5.040000000000001,3.37,5.950000000000001,2.61,6.710000000000001,1.6999999999999993,7.47,0.7899999999999991,8.23,-0.120000000000001
100,2020-03-05,3.78,3.89,3.68,3.72,3.72,4.28,5.040000000000001,3.37,5.950000000000001,2.61,6.710000000000001,1.6999999999999993,7.47,0.7899999999999991,8.23,-0.120000000000001
101,2020-03-06,3.62,3.66,3.42,3.55,3.55,4.28,5.040000000000001,3.37,5.950000000000001,2.61,6.710000000000001,1.6999999999999993,7.47,0.7899999999999991,8.23,-0.120000000000001
102,2020-03-09,3.01,3.54,2.99,3.29,3.29,4.28,5.040000000000001,3.37,5.950000000000001,2.61,6.710000000000001,1.6999999999999993,7.47,0.7899999999999991,8.23,-0.120000000000001
103,2020-03-10,3.49,3.54,3.29,3.5,3.5,4.28,5.040000000000001,3.37,5.950000000000001,2.61,6.710000000000001,1.6999999999999993,7.47,0.7899999999999991,8.23,-0.120000000000001
104,2020-03-11,3.4,3.53,3.26,3.32,3.32,4.28,5.040000000000001,3.37,5.950000000000001,2.61,6.710000000000001,1.6999999999999993,7.47,0.7899999999999991,8.23,-0.120000000000001
105,2020-03-12,3.06,3.23,2.98,3.13,3.13,4.28,5.040000000000001,3.37,5.950000000000001,2.61,6.710000000000001,1.6999999999999993,7.47,0.7899999999999991,8.23,-0.120000000000001
106,2020-03-13,3.28,3.33,2.99,3.11,3.11,4.28,5.040000000000001,3.37,5.950000000000001,2.61,6.710000000000001,1.6999999999999993,7.47,0.7899999999999991,8.23,-0.120000000000001
107,2020-03-16,2.87,3.11,2.75,2.94,2.94,4.28,5.040000000000001,3.37,5.950000000000001,2.61,6.710000000000001,1.6999999999999993,7.47,0.7899999999999991,8.23,-0.120000000000001
108,2020-03-17,2.97,3.12,2.79,2.9,2.9,4.28,5.040000000000001,3.37,5.950000000000001,2.61,6.710000000000001,1.6999999999999993,7.47,0.7899999999999991,8.23,-0.120000000000001
109,2020-03-18,2.4,2.58,2.11,2.43,2.43,4.28,5.040000000000001,3.37,5.950000000000001,2.61,6.710000000000001,1.6999999999999993,7.47,0.7899999999999991,8.23,-0.120000000000001
110,2020-03-19,2.3,2.55,2.23,2.38,2.38,4.28,5.040000000000001,3.37,5.950000000000001,2.61,6.710000000000001,1.6999999999999993,7.47,0.7899999999999991,8.23,-0.120000000000001
111,2020-03-20,2.49,2.64,2.35,2.4,2.4,4.28,5.040000000000001,3.37,5.950000000000001,2.61,6.710000000000001,1.6999999999999993,7.47,0.7899999999999991,8.23,-0.120000000000001
112,2020-03-23,2.34,2.37,2.15,2.37,2.37,4.28,5.040000000000001,3.37,5.950000000000001,2.61,6.710000000000001,1.6999999999999993,7.47,0.7899999999999991,8.23,-0.120000000000001
113,2020-03-24,2.55,2.75,2.4,2.6,2.6,4.28,5.040000000000001,3.37,5.950000000000001,2.61,6.710000000000001,1.6999999999999993,7.47,0.7899999999999991,8.23,-0.120000000000001
114,2020-03-25,2.72,2.99,2.6,2.76,2.76,4.28,5.040000000000001,3.37,5.950000000000001,2.61,6.710000000000001,1.6999999999999993,7.47,0.7899999999999991,8.23,-0.120000000000001
115,2020-03-26,2.81,3.07,2.78,2.93,2.93,4.28,5.040000000000001,3.37,5.950000000000001,2.61,6.710000000000001,1.6999999999999993,7.47,0.7899999999999991,8.23,-0.120000000000001
116,2020-03-27,2.85,2.89,2.76,2.84,2.84,4.28,5.040000000000001,3.37,5.950000000000001,2.61,6.710000000000001,1.6999999999999993,7.47,0.7899999999999991,8.23,-0.120000000000001
117,2020-03-30,2.81,2.83,2.7,2.71,2.71,4.28,5.040000000000001,3.37,5.950000000000001,2.61,6.710000000000001,1.6999999999999993,7.47,0.7899999999999991,8.23,-0.120000000000001
118,2020-03-31,2.83,2.88,2.68,2.78,2.78,4.28,5.040000000000001,3.37,5.950000000000001,2.61,6.710000000000001,1.6999999999999993,7.47,0.7899999999999991,8.23,-0.120000000000001
119,2020-04-01,2.63,2.76,2.6,2.65,2.65,3.033333333333333,3.9566666666666666,1.8566666666666665,5.133333333333333,0.9333333333333331,6.056666666666667,-0.24333333333333407,6.9799999999999995,-1.42,7.903333333333333,-2.5966666666666676
120,2020-04-02,2.51,2.59,2.22,2.39,2.39,3.033333333333333,3.9566666666666666,1.8566666666666665,5.133333333333333,0.9333333333333331,6.056666666666667,-0.24333333333333407,6.9799999999999995,-1.42,7.903333333333333,-2.5966666666666676
121,2020-04-03,2.45,2.49,2.33,2.4,2.4,3.033333333333333,3.9566666666666666,1.8566666666666665,5.133333333333333,0.9333333333333331,6.056666666666667,-0.24333333333333407,6.9799999999999995,-1.42,7.903333333333333,-2.5966666666666676
122,2020-04-06,2.48,2.55,2.4,2.47,2.47,3.033333333333333,3.9566666666666666,1.8566666666666665,5.133333333333333,0.9333333333333331,6.056666666666667,-0.24333333333333407,6.9799999999999995,-1.42,7.903333333333333,-2.5966666666666676
123,2020-04-07,2.81,2.81,2.65,2.7,2.7,3.033333333333333,3.9566666666666666,1.8566666666666665,5.133333333333333,0.9333333333333331,6.056666666666667,-0.24333333333333407,6.9799999999999995,-1.42,7.903333333333333,-2.5966666666666676
124,2020-04-08,2.76,2.8,2.71,2.74,2.74,3.033333333333333,3.9566666666666666,1.8566666666666665,5.133333333333333,0.9333333333333331,6.056666666666667,-0.24333333333333407,6.9799999999999995,-1.42,7.903333333333333,-2.5966666666666676
125,2020-04-09,2.82,2.82,2.63,2.67,2.67,3.033333333333333,3.9566666666666666,1.8566666666666665,5.133333333333333,0.9333333333333331,6.056666666666667,-0.24333333333333407,6.9799999999999995,-1.42,7.903333333333333,-2.5966666666666676
126,2020-04-13,2.67,2.97,2.63,2.97,2.97,3.033333333333333,3.9566666666666666,1.8566666666666665,5.133333333333333,0.9333333333333331,6.056666666666667,-0.24333333333333407,6.9799999999999995,-1.42,7.903333333333333,-2.5966666666666676
127,2020-04-14,3.15,3.16,2.92,3.01,3.01,3.033333333333333,3.9566666666666666,1.8566666666666665,5.133333333333333,0.9333333333333331,6.056666666666667,-0.24333333333333407,6.9799999999999995,-1.42,7.903333333333333,-2.5966666666666676
128,2020-04-15,2.95,3.2,2.88,3.2,3.2,3.033333333333333,3.9566666666666666,1.8566666666666665,5.133333333333333,0.9333333333333331,6.056666666666667,-0.24333333333333407,6.9799999999999995,-1.42,7.903333333333333,-2.5966666666666676
129,2020-04-16,3.3,3.41,3.2,3.25,3.25,3.033333333333333,3.9566666666666666,1.8566666666666665,5.133333333333333,0.9333333333333331,6.056666666666667,-0.24333333333333407,6.9799999999999995,-1.42,7.903333333333333,-2.5966666666666676
130,2020-04-17,3.36,3.36,3.15,3.21,3.21,3.033333333333333,3.9566666666666666,1.8566666666666665,5.133333333333333,0.9333333333333331,6.056666666666667,-0.24333333333333407,6.9799999999999995,-1.42,7.903333333333333,-2.5966666666666676
131,2020-04-20,3.18,3.35,3.05,3.19,3.19,3.033333333333333,3.9566666666666666,1.8566666666666665,5.133333333333333,0.9333333333333331,6.056666666666667,-0.24333333333333407,6.9799999999999995,-1.42,7.903333333333333,-2.5966666666666676
132,2020-04-21,3.1,3.22,3.01,3.02,3.02,3.033333333333333,3.9566666666666666,1.8566666666666665,5.133333333333333,0.9333333333333331,6.056666666666667,-0.24333333333333407,6.9799999999999995,-1.42,7.903333333333333,-2.5966666666666676
133,2020-04-22,3.09,3.15,3.05,3.09,3.09,3.033333333333333,3.9566666666666666,1.8566666666666665,5.133333333333333,0.9333333333333331,6.056666666666667,-0.24333333333333407,6.9799999999999995,-1.42,7.903333333333333,-2.5966666666666676
134,2020-04-23,3.2,3.2,3.05,3.06,3.06,3.033333333333333,3.9566666666666666,1.8566666666666665,5.133333333333333,0.9333333333333331,6.056666666666667,-0.24333333333333407,6.9799999999999995,-1.42,7.903333333333333,-2.5966666666666676
135,2020-04-24,3.08,3.1,2.91,2.94,2.94,3.033333333333333,3.9566666666666666,1.8566666666666665,5.133333333333333,0.9333333333333331,6.056666666666667,-0.24333333333333407,6.9799999999999995,-1.42,7.903333333333333,-2.5966666666666676
136,2020-04-27,3.0,3.26,2.95,3.24,3.24,3.033333333333333,3.9566666666666666,1.8566666666666665,5.133333333333333,0.9333333333333331,6.056666666666667,-0.24333333333333407,6.9799999999999995,-1.42,7.903333333333333,-2.5966666666666676
137,2020-04-28,3.4,3.45,3.2,3.34,3.34,3.033333333333333,3.9566666666666666,1.8566666666666665,5.133333333333333,0.9333333333333331,6.056666666666667,-0.24333333333333407,6.9799999999999995,-1.42,7.903333333333333,-2.5966666666666676
138,2020-04-29,3.83,3.98,3.59,3.61,3.61,3.033333333333333,3.9566666666666666,1.8566666666666665,5.133333333333333,0.9333333333333331,6.056666666666667,-0.24333333333333407,6.9799999999999995,-1.42,7.903333333333333,-2.5966666666666676
139,2020-04-30,3.63,3.72,3.37,3.41,3.41,3.033333333333333,3.9566666666666666,1.8566666666666665,5.133333333333333,0.9333333333333331,6.056666666666667,-0.24333333333333407,6.9799999999999995,-1.42,7.903333333333333,-2.5966666666666676
140,2020-05-01,3.3,3.33,3.12,3.18,3.18,3.203333333333333,4.186666666666666,2.4266666666666663,4.963333333333333,1.4433333333333334,5.946666666666665,0.6666666666666661,6.93,-0.10999999999999943,7.913333333333332,-0.8866666666666667
141,2020-05-04,3.08,3.36,3.08,3.34,3.34,3.203333333333333,4.186666666666666,2.4266666666666663,4.963333333333333,1.4433333333333334,5.946666666666665,0.6666666666666661,6.93,-0.10999999999999943,7.913333333333332,-0.8866666666666667
142,2020-05-05,3.44,3.48,3.28,3.28,3.28,3.203333333333333,4.186666666666666,2.4266666666666663,4.963333333333333,1.4433333333333334,5.946666666666665,0.6666666666666661,6.93,-0.10999999999999943,7.913333333333332,-0.8866666666666667
143,2020-05-06,3.59,3.65,3.45,3.62,3.62,3.203333333333333,4.186666666666666,2.4266666666666663,4.963333333333333,1.4433333333333334,5.946666666666665,0.6666666666666661,6.93,-0.10999999999999943,7.913333333333332,-0.8866666666666667
144,2020-05-07,3.63,3.67,3.52,3.63,3.63,3.203333333333333,4.186666666666666,2.4266666666666663,4.963333333333333,1.4433333333333334,5.946666666666665,0.6666666666666661,6.93,-0.10999999999999943,7.913333333333332,-0.8866666666666667
145,2020-05-08,3.68,3.8,3.6,3.77,3.77,3.203333333333333,4.186666666666666,2.4266666666666663,4.963333333333333,1.4433333333333334,5.946666666666665,0.6666666666666661,6.93,-0.10999999999999943,7.913333333333332,-0.8866666666666667
146,2020-05-11,3.72,3.77,3.66,3.74,3.74,3.203333333333333,4.186666666666666,2.4266666666666663,4.963333333333333,1.4433333333333334,5.946666666666665,0.6666666666666661,6.93,-0.10999999999999943,7.913333333333332,-0.8866666666666667
147,2020-05-12,3.74,3.78,3.61,3.62,3.62,3.203333333333333,4.186666666666666,2.4266666666666663,4.963333333333333,1.4433333333333334,5.946666666666665,0.6666666666666661,6.93,-0.10999999999999943,7.913333333333332,-0.8866666666666667
148,2020-05-13,3.64,3.68,3.32,3.44,3.44,3.203333333333333,4.186666666666666,2.4266666666666663,4.963333333333333,1.4433333333333334,5.946666666666665,0.6666666666666661,6.93,-0.10999999999999943,7.913333333333332,-0.8866666666666667
149,2020-05-14,3.33,3.52,3.27,3.45,3.45,3.203333333333333,4.186666666666666,2.4266666666666663,4.963333333333333,1.4433333333333334,5.946666666666665,0.6666666666666661,6.93,-0.10999999999999943,7.913333333333332,-0.8866666666666667
150,2020-05-15,3.37,3.45,3.36,3.37,3.37,3.203333333333333,4.186666666666666,2.4266666666666663,4.963333333333333,1.4433333333333334,5.946666666666665,0.6666666666666661,6.93,-0.10999999999999943,7.913333333333332,-0.8866666666666667
151,2020-05-18,3.5,3.69,3.5,3.61,3.61,3.203333333333333,4.186666666666666,2.4266666666666663,4.963333333333333,1.4433333333333334,5.946666666666665,0.6666666666666661,6.93,-0.10999999999999943,7.913333333333332,-0.8866666666666667
152,2020-05-19,3.62,3.75,3.59,3.69,3.69,3.203333333333333,4.186666666666666,2.4266666666666663,4.963333333333333,1.4433333333333334,5.946666666666665,0.6666666666666661,6.93,-0.10999999999999943,7.913333333333332,-0.8866666666666667
153,2020-05-20,3.76,3.82,3.4,3.48,3.48,3.203333333333333,4.186666666666666,2.4266666666666663,4.963333333333333,1.4433333333333334,5.946666666666665,0.6666666666666661,6.93,-0.10999999999999943,7.913333333333332,-0.8866666666666667
154,2020-05-21,3.4,3.44,3.23,3.33,3.33,3.203333333333333,4.186666666666666,2.4266666666666663,4.963333333333333,1.4433333333333334,5.946666666666665,0.6666666666666661,6.93,-0.10999999999999943,7.913333333333332,-0.8866666666666667
155,2020-05-22,3.33,3.34,3.18,3.27,3.27,3.203333333333333,4.186666666666666,2.4266666666666663,4.963333333333333,1.4433333333333334,5.946666666666665,0.6666666666666661,6.93,-0.10999999999999943,7.913333333333332,-0.8866666666666667
156,2020-05-26,3.42,3.83,3.4,3.82,3.82,3.203333333333333,4.186666666666666,2.4266666666666663,4.963333333333333,1.4433333333333334,5.946666666666665,0.6666666666666661,6.93,-0.10999999999999943,7.913333333333332,-0.8866666666666667
157,2020-05-27,4.01,4.2,3.9,4.17,4.17,3.203333333333333,4.186666666666666,2.4266666666666663,4.963333333333333,1.4433333333333334,5.946666666666665,0.6666666666666661,6.93,-0.10999999999999943,7.913333333333332,-0.8866666666666667
158,2020-05-28,3.98,4.12,3.75,3.83,3.83,3.203333333333333,4.186666666666666,2.4266666666666663,4.963333333333333,1.4433333333333334,5.946666666666665,0.6666666666666661,6.93,-0.10999999999999943,7.913333333333332,-0.8866666666666667
159,2020-05-29,3.82,4.0,3.73,3.98,3.98,3.203333333333333,4.186666666666666,2.4266666666666663,4.963333333333333,1.4433333333333334,5.946666666666665,0.6666666666666661,6.93,-0.10999999999999943,7.913333333333332,-0.8866666666666667
160,2020-06-01,4.0,4.33,3.96,4.26,4.26,3.7533333333333334,4.426666666666667,3.3066666666666666,4.873333333333333,2.6333333333333333,5.546666666666667,2.1866666666666665,6.22,1.7399999999999984,6.893333333333333,1.293333333333333
161,2020-06-02,4.36,4.73,4.35,4.7,4.7,3.7533333333333334,4.426666666666667,3.3066666666666666,4.873333333333333,2.6333333333333333,5.546666666666667,2.1866666666666665,6.22,1.7399999999999984,6.893333333333333,1.293333333333333
162,2020-06-03,5.0,5.7,4.98,5.6,5.6,3.7533333333333334,4.426666666666667,3.3066666666666666,4.873333333333333,2.6333333333333333,5.546666666666667,2.1866666666666665,6.22,1.7399999999999984,6.893333333333333,1.293333333333333
163,2020-06-04,6.01,6.2,5.61,5.97,5.97,3.7533333333333334,4.426666666666667,3.3066666666666666,4.873333333333333,2.6333333333333333,5.546666666666667,2.1866666666666665,6.22,1.7399999999999984,6.893333333333333,1.293333333333333
164,2020-06-05,6.03,6.08,5.52,5.59,5.59,3.7533333333333334,4.426666666666667,3.3066666666666666,4.873333333333333,2.6333333333333333,5.546666666666667,2.1866666666666665,6.22,1.7399999999999984,6.893333333333333,1.293333333333333
165,2020-06-08,5.81,6.08,5.68,5.97,5.97,3.7533333333333334,4.426666666666667,3.3066666666666666,4.873333333333333,2.6333333333333333,5.546666666666667,2.1866666666666665,6.22,1.7399999999999984,6.893333333333333,1.293333333333333
166,2020-06-09,5.84,6.83,5.76,6.68,6.68,3.7533333333333334,4.426666666666667,3.3066666666666666,4.873333333333333,2.6333333333333333,5.546666666666667,2.1866666666666665,6.22,1.7399999999999984,6.893333333333333,1.293333333333333
167,2020-06-10,6.72,6.95,6.16,6.3,6.3,3.7533333333333334,4.426666666666667,3.3066666666666666,4.873333333333333,2.6333333333333333,5.546666666666667,2.1866666666666665,6.22,1.7399999999999984,6.893333333333333,1.293333333333333
168,2020-06-11,5.79,6.09,5.66,5.91,5.91,3.7533333333333334,4.426666666666667,3.3066666666666666,4.873333333333333,2.6333333333333333,5.546666666666667,2.1866666666666665,6.22,1.7399999999999984,6.893333333333333,1.293333333333333
169,2020-06-12,6.2,6.32,5.92,6.1,6.1,3.7533333333333334,4.426666666666667,3.3066666666666666,4.873333333333333,2.6333333333333333,5.546666666666667,2.1866666666666665,6.22,1.7399999999999984,6.893333333333333,1.293333333333333
170,2020-06-15,5.97,6.99,5.92,6.83,6.83,3.7533333333333334,4.426666666666667,3.3066666666666666,4.873333333333333,2.6333333333333333,5.546666666666667,2.1866666666666665,6.22,1.7399999999999984,6.893333333333333,1.293333333333333
171,2020-06-16,7.43,7.44,6.53,6.99,6.99,3.7533333333333334,4.426666666666667,3.3066666666666666,4.873333333333333,2.6333333333333333,5.546666666666667,2.1866666666666665,6.22,1.7399999999999984,6.893333333333333,1.293333333333333
172,2020-06-17,6.93,6.98,6.58,6.84,6.84,3.7533333333333334,4.426666666666667,3.3066666666666666,4.873333333333333,2.6333333333333333,5.546666666666667,2.1866666666666665,6.22,1.7399999999999984,6.893333333333333,1.293333333333333
173,2020-06-18,6.8,7.36,6.78,7.18,7.18,3.7533333333333334,4.426666666666667,3.3066666666666666,4.873333333333333,2.6333333333333333,5.546666666666667,2.1866666666666665,6.22,1.7399999999999984,6.893333333333333,1.293333333333333
174,2020-06-19,7.36,7.63,7.23,7.34,7.34,3.7533333333333334,4.426666666666667,3.3066666666666666,4.873333333333333,2.6333333333333333,5.546666666666667,2.1866666666666665,6.22,1.7399999999999984,6.893333333333333,1.293333333333333
175,2020-06-22,7.86,7.9,7.38,7.43,7.43,3.7533333333333334,4.426666666666667,3.3066666666666666,4.873333333333333,2.6333333333333333,5.546666666666667,2.1866666666666665,6.22,1.7399999999999984,6.893333333333333,1.293333333333333
176,2020-06-23,7.55,7.69,7.19,7.23,7.23,3.7533333333333334,4.426666666666667,3.3066666666666666,4.873333333333333,2.6333333333333333,5.546666666666667,2.1866666666666665,6.22,1.7399999999999984,6.893333333333333,1.293333333333333
177,2020-06-24,6.93,7.08,6.5,6.86,6.86,3.7533333333333334,4.426666666666667,3.3066666666666666,4.873333333333333,2.6333333333333333,5.546666666666667,2.1866666666666665,6.22,1.7399999999999984,6.893333333333333,1.293333333333333
178,2020-06-25,6.66,7.15,6.6,7.08,7.08,3.7533333333333334,4.426666666666667,3.3066666666666666,4.873333333333333,2.6333333333333333,5.546666666666667,2.1866666666666665,6.22,1.7399999999999984,6.893333333333333,1.293333333333333
179,2020-06-26,7.03,7.18,6.8,6.9,6.9,3.7533333333333334,4.426666666666667,3.3066666666666666,4.873333333333333,2.6333333333333333,5.546666666666667,2.1866666666666665,6.22,1.7399999999999984,6.893333333333333,1.293333333333333
180,2020-06-29,6.98,7.25,6.71,7.23,7.23,3.7533333333333334,4.426666666666667,3.3066666666666666,4.873333333333333,2.6333333333333333,5.546666666666667,2.1866666666666665,6.22,1.7399999999999984,6.893333333333333,1.293333333333333
181,2020-06-30,7.21,7.75,7.12,7.72,7.72,3.7533333333333334,4.426666666666667,3.3066666666666666,4.873333333333333,2.6333333333333333,5.546666666666667,2.1866666666666665,6.22,1.7399999999999984,6.893333333333333,1.293333333333333
182,2020-07-01,7.79,7.99,7.67,7.91,7.91,6.526666666666666,9.093333333333334,5.153333333333332,10.466666666666667,2.586666666666666,13.033333333333333,1.213333333333333,15.6,-0.1600000000000037,18.166666666666664,-1.533333333333335
183,2020-07-02,9.05,9.4,8.7,9.38,9.38,6.526666666666666,9.093333333333334,5.153333333333332,10.466666666666667,2.586666666666666,13.033333333333333,1.213333333333333,15.6,-0.1600000000000037,18.166666666666664,-1.533333333333335
184,2020-07-06,11.05,12.3,10.93,11.51,11.51,6.526666666666666,9.093333333333334,5.153333333333332,10.466666666666667,2.586666666666666,13.033333333333333,1.213333333333333,15.6,-0.1600000000000037,18.166666666666664,-1.533333333333335
185,2020-07-07,11.26,13.77,10.7,13.22,13.22,6.526666666666666,9.093333333333334,5.153333333333332,10.466666666666667,2.586666666666666,13.033333333333333,1.213333333333333,15.6,-0.1600000000000037,18.166666666666664,-1.533333333333335
186,2020-07-08,14.1,15.28,12.0,12.88,12.88,6.526666666666666,9.093333333333334,5.153333333333332,10.466666666666667,2.586666666666666,13.033333333333333,1.213333333333333,15.6,-0.1600000000000037,18.166666666666664,-1.533333333333335
187,2020-07-09,13.5,14.63,13.07,14.57,14.57,6.526666666666666,9.093333333333334,5.153333333333332,10.466666666666667,2.586666666666666,13.033333333333333,1.213333333333333,15.6,-0.1600000000000037,18.166666666666664,-1.533333333333335
188,2020-07-10,15.61,15.73,14.2,14.98,14.98,6.526666666666666,9.093333333333334,5.153333333333332,10.466666666666667,2.586666666666666,13.033333333333333,1.213333333333333,15.6,-0.1600000000000037,18.166666666666664,-1.533333333333335
189,2020-07-13,15.26,16.440001000000002,13.61,13.84,13.84,6.526666666666666,9.093333333333334,5.153333333333332,10.466666666666667,2.586666666666666,13.033333333333333,1.213333333333333,15.6,-0.1600000000000037,18.166666666666664,-1.533333333333335
190,2020-07-14,13.25,14.13,12.42,14.09,14.09,6.526666666666666,9.093333333333334,5.153333333333332,10.466666666666667,2.586666666666666,13.033333333333333,1.213333333333333,15.6,-0.1600000000000037,18.166666666666664,-1.533333333333335
191,2020-07-15,13.82,13.95,12.85,13.52,13.52,6.526666666666666,9.093333333333334,5.153333333333332,10.466666666666667,2.586666666666666,13.033333333333333,1.213333333333333,15.6,-0.1600000000000037,18.166666666666664,-1.533333333333335
192,2020-07-16,12.46,13.16,12.45,12.94,12.94,6.526666666666666,9.093333333333334,5.153333333333332,10.466666666666667,2.586666666666666,13.033333333333333,1.213333333333333,15.6,-0.1600000000000037,18.166666666666664,-1.533333333333335
193,2020-07-17,11.86,12.07,10.46,11.09,11.09,6.526666666666666,9.093333333333334,5.153333333333332,10.466666666666667,2.586666666666666,13.033333333333333,1.213333333333333,15.6,-0.1600000000000037,18.166666666666664,-1.533333333333335
194,2020-07-20,11.42,12.84,11.38,12.82,12.82,6.526666666666666,9.093333333333334,5.153333333333332,10.466666666666667,2.586666666666666,13.033333333333333,1.213333333333333,15.6,-0.1600000000000037,18.166666666666664,-1.533333333333335
195,2020-07-21,13.45,13.58,12.62,12.88,12.88,6.526666666666666,9.093333333333334,5.153333333333332,10.466666666666667,2.586666666666666,13.033333333333333,1.213333333333333,15.6,-0.1600000000000037,18.166666666666664,-1.533333333333335
196,2020-07-22,12.38,12.83,11.81,12.38,12.38,6.526666666666666,9.093333333333334,5.153333333333332,10.466666666666667,2.586666666666666,13.033333333333333,1.213333333333333,15.6,-0.1600000000000037,18.166666666666664,-1.533333333333335
197,2020-07-23,12.59,12.63,11.85,12.15,12.15,6.526666666666666,9.093333333333334,5.153333333333332,10.466666666666667,2.586666666666666,13.033333333333333,1.213333333333333,15.6,-0.1600000000000037,18.166666666666664,-1.533333333333335
198,2020-07-24,11.38,11.9,10.91,11.82,11.82,6.526666666666666,9.093333333333334,5.153333333333332,10.466666666666667,2.586666666666666,13.033333333333333,1.213333333333333,15.6,-0.1600000000000037,18.166666666666664,-1.533333333333335
199,2020-07-27,12.03,12.09,11.27,11.69,11.69,6.526666666666666,9.093333333333334,5.153333333333332,10.466666666666667,2.586666666666666,13.033333333333333,1.213333333333333,15.6,-0.1600000000000037,18.166666666666664,-1.533333333333335
200,2020-07-28,11.48,12.64,11.38,12.27,12.27,6.526666666666666,9.093333333333334,5.153333333333332,10.466666666666667,2.586666666666666,13.033333333333333,1.213333333333333,15.6,-0.1600000000000037,18.166666666666664,-1.533333333333335
201,2020-07-29,12.65,13.0,12.43,12.7,12.7,6.526666666666666,9.093333333333334,5.153333333333332,10.466666666666667,2.586666666666666,13.033333333333333,1.213333333333333,15.6,-0.1600000000000037,18.166666666666664,-1.533333333333335
202,2020-07-30,12.62,12.95,12.07,12.2,12.2,6.526666666666666,9.093333333333334,5.153333333333332,10.466666666666667,2.586666666666666,13.033333333333333,1.213333333333333,15.6,-0.1600000000000037,18.166666666666664,-1.533333333333335
203,2020-07-31,12.41,12.59,11.73,11.94,11.94,6.526666666666666,9.093333333333334,5.153333333333332,10.466666666666667,2.586666666666666,13.033333333333333,1.213333333333333,15.6,-0.1600000000000037,18.166666666666664,-1.533333333333335
204,2020-08-03,12.53,13.67,12.46,13.6,13.6,12.016667,16.363334000000002,7.593332999999998,20.786668000000002,3.2466659999999976,25.133335000000002,-1.176668000000003,29.480002000000006,-5.6000020000000035,33.826669,-10.023336000000008
205,2020-08-04,14.46,14.53,13.22,13.64,13.64,12.016667,16.363334000000002,7.593332999999998,20.786668000000002,3.2466659999999976,25.133335000000002,-1.176668000000003,29.480002000000006,-5.6000020000000035,33.826669,-10.023336000000008
206,2020-08-05,13.41,14.08,13.37,13.92,13.92,12.016667,16.363334000000002,7.593332999999998,20.786668000000002,3.2466659999999976,25.133335000000002,-1.176668000000003,29.480002000000006,-5.6000020000000035,33.826669,-10.023336000000008
207,2020-08-06,14.1,14.31,13.52,13.84,13.84,12.016667,16.363334000000002,7.593332999999998,20.786668000000002,3.2466659999999976,25.133335000000002,-1.176668000000003,29.480002000000006,-5.6000020000000035,33.826669,-10.023336000000008
208,2020-08-07,13.54,13.73,13.2,13.42,13.42,12.016667,16.363334000000002,7.593332999999998,20.786668000000002,3.2466659999999976,25.133335000000002,-1.176668000000003,29.480002000000006,-5.6000020000000035,33.826669,-10.023336000000008
209,2020-08-10,13.94,14.42,13.68,14.21,14.21,12.016667,16.363334000000002,7.593332999999998,20.786668000000002,3.2466659999999976,25.133335000000002,-1.176668000000003,29.480002000000006,-5.6000020000000035,33.826669,-10.023336000000008
210,2020-08-11,15.3,15.45,12.94,12.99,12.99,12.016667,16.363334000000002,7.593332999999998,20.786668000000002,3.2466659999999976,25.133335000000002,-1.176668000000003,29.480002000000006,-5.6000020000000035,33.826669,-10.023336000000008
211,2020-08-12,13.37,13.45,12.67,13.36,13.36,12.016667,16.363334000000002,7.593332999999998,20.786668000000002,3.2466659999999976,25.133335000000002,-1.176668000000003,29.480002000000006,-5.6000020000000035,33.826669,-10.023336000000008
212,2020-08-13,13.45,13.64,13.17,13.36,13.36,12.016667,16.363334000000002,7.593332999999998,20.786668000000002,3.2466659999999976,25.133335000000002,-1.176668000000003,29.480002000000006,-5.6000020000000035,33.826669,-10.023336000000008
213,2020-08-14,13.18,13.18,12.54,13.1,13.1,12.016667,16.363334000000002,7.593332999999998,20.786668000000002,3.2466659999999976,25.133335000000002,-1.176668000000003,29.480002000000006,-5.6000020000000035,33.826669,-10.023336000000008
214,2020-08-17,13.07,14.05,13.06,14.05,14.05,12.016667,16.363334000000002,7.593332999999998,20.786668000000002,3.2466659999999976,25.133335000000002,-1.176668000000003,29.480002000000006,-5.6000020000000035,33.826669,-10.023336000000008
215,2020-08-18,14.23,14.69,13.87,14.3,14.3,12.016667,16.363334000000002,7.593332999999998,20.786668000000002,3.2466659999999976,25.133335000000002,-1.176668000000003,29.480002000000006,-5.6000020000000035,33.826669,-10.023336000000008
216,2020-08-19,14.29,14.41,13.85,14.06,14.06,12.016667,16.363334000000002,7.593332999999998,20.786668000000002,3.2466659999999976,25.133335000000002,-1.176668000000003,29.480002000000006,-5.6000020000000035,33.826669,-10.023336000000008
217,2020-08-20,13.85,14.05,13.53,13.78,13.78,12.016667,16.363334000000002,7.593332999999998,20.786668000000002,3.2466659999999976,25.133335000000002,-1.176668000000003,29.480002000000006,-5.6000020000000035,33.826669,-10.023336000000008
218,2020-08-21,13.64,14.58,13.62,14.12,14.12,12.016667,16.363334000000002,7.593332999999998,20.786668000000002,3.2466659999999976,25.133335000000002,-1.176668000000003,29.480002000000006,-5.6000020000000035,33.826669,-10.023336000000008
219,2020-08-24,14.63,14.98,14.31,14.97,14.97,12.016667,16.363334000000002,7.593332999999998,20.786668000000002,3.2466659999999976,25.133335000000002,-1.176668000000003,29.480002000000006,-5.6000020000000035,33.826669,-10.023336000000008
220,2020-08-25,15.08,17.870001000000002,15.06,17.84,17.84,12.016667,16.363334000000002,7.593332999999998,20.786668000000002,3.2466659999999976,25.133335000000002,-1.176668000000003,29.480002000000006,-5.6000020000000035,33.826669,-10.023336000000008
221,2020-08-26,19.01,20.969998999999998,18.559998999999998,20.440001000000002,20.440001000000002,12.016667,16.363334000000002,7.593332999999998,20.786668000000002,3.2466659999999976,25.133335000000002,-1.176668000000003,29.480002000000006,-5.6000020000000035,33.826669,-10.023336000000008
222,2020-08-27,19.99,20.469998999999998,18.76,19.879998999999998,19.879998999999998,12.016667,16.363334000000002,7.593332999999998,20.786668000000002,3.2466659999999976,25.133335000000002,-1.176668000000003,29.480002000000006,-5.6000020000000035,33.826669,-10.023336000000008
223,2020-08-28,18.870001000000002,19.440001000000002,18.110001,18.5,18.5,12.016667,16.363334000000002,7.593332999999998,20.786668000000002,3.2466659999999976,25.133335000000002,-1.176668000000003,29.480002000000006,-5.6000020000000035,33.826669,-10.023336000000008
224,2020-08-31,17.190001000000002,19.83,16.82,19.030001000000002,19.030001000000002,12.016667,16.363334000000002,7.593332999999998,20.786668000000002,3.2466659999999976,25.133335000000002,-1.176668000000003,29.480002000000006,-5.6000020000000035,33.826669,-10.023336000000008
225,2020-09-01,19.450001,20.379998999999998,18.75,20.120001000000002,20.120001000000002,17.486666666666665,22.51333333333333,14.003334333333331,25.99666566666666,8.976667666666668,31.023332333333325,5.493335333333334,36.049998999999985,2.0100030000000046,41.076665666666656,-1.4733293333333393
226,2020-09-02,20.92,21.049999,18.5,19.9,19.9,17.486666666666665,22.51333333333333,14.003334333333331,25.99666566666666,8.976667666666668,31.023332333333325,5.493335333333334,36.049998999999985,2.0100030000000046,41.076665666666656,-1.4733293333333393
227,2020-09-03,19.09,19.84,18.35,18.700001,18.700001,17.486666666666665,22.51333333333333,14.003334333333331,25.99666566666666,8.976667666666668,31.023332333333325,5.493335333333334,36.049998999999985,2.0100030000000046,41.076665666666656,-1.4733293333333393
228,2020-09-04,18.540001,19.18,15.61,17.98,17.98,17.486666666666665,22.51333333333333,14.003334333333331,25.99666566666666,8.976667666666668,31.023332333333325,5.493335333333334,36.049998999999985,2.0100030000000046,41.076665666666656,-1.4733293333333393
229,2020-09-08,17.17,17.860001,16.51,17.030001000000002,17.030001000000002,17.486666666666665,22.51333333333333,14.003334333333331,25.99666566666666,8.976667666666668,31.023332333333325,5.493335333333334,36.049998999999985,2.0100030000000046,41.076665666666656,-1.4733293333333393
230,2020-09-09,17.9,18.629998999999998,17.700001,18.09,18.09,17.486666666666665,22.51333333333333,14.003334333333331,25.99666566666666,8.976667666666668,31.023332333333325,5.493335333333334,36.049998999999985,2.0100030000000046,41.076665666666656,-1.4733293333333393
231,2020-09-10,18.49,18.719998999999998,17.49,17.74,17.74,17.486666666666665,22.51333333333333,14.003334333333331,25.99666566666666,8.976667666666668,31.023332333333325,5.493335333333334,36.049998999999985,2.0100030000000046,41.076665666666656,-1.4733293333333393
232,2020-09-11,18.0,18.1,17.450001,17.969998999999998,17.969998999999998,17.486666666666665,22.51333333333333,14.003334333333331,25.99666566666666,8.976667666666668,31.023332333333325,5.493335333333334,36.049998999999985,2.0100030000000046,41.076665666666656,-1.4733293333333393
233,2020-09-14,18.18,18.780001000000002,17.9,18.73,18.73,17.486666666666665,22.51333333333333,14.003334333333331,25.99666566666666,8.976667666666668,31.023332333333325,5.493335333333334,36.049998999999985,2.0100030000000046,41.076665666666656,-1.4733293333333393
234,2020-09-15,19.1,20.25,18.879998999999998,19.190001000000002,19.190001000000002,17.486666666666665,22.51333333333333,14.003334333333331,25.99666566666666,8.976667666666668,31.023332333333325,5.493335333333334,36.049998999999985,2.0100030000000046,41.076665666666656,-1.4733293333333393
235,2020-09-16,19.27,19.540001,18.52,19.01,19.01,17.486666666666665,22.51333333333333,14.003334333333331,25.99666566666666,8.976667666666668,31.023332333333325,5.493335333333334,36.049998999999985,2.0100030000000046,41.076665666666656,-1.4733293333333393
236,2020-09-17,18.26,19.33,18.08,19.299999,19.299999,17.486666666666665,22.51333333333333,14.003334333333331,25.99666566666666,8.976667666666668,31.023332333333325,5.493335333333334,36.049998999999985,2.0100030000000046,41.076665666666656,-1.4733293333333393
237,2020-09-18,19.719998999999998,19.879998999999998,18.940001000000002,19.41,19.41,17.486666666666665,22.51333333333333,14.003334333333331,25.99666566666666,8.976667666666668,31.023332333333325,5.493335333333334,36.049998999999985,2.0100030000000046,41.076665666666656,-1.4733293333333393
238,2020-09-21,19.049999,19.27,17.66,18.809998999999998,18.809998999999998,17.486666666666665,22.51333333333333,14.003334333333331,25.99666566666666,8.976667666666668,31.023332333333325,5.493335333333334,36.049998999999985,2.0100030000000046,41.076665666666656,-1.4733293333333393
239,2020-09-22,18.48,19.450001,18.370001000000002,19.23,19.23,17.486666666666665,22.51333333333333,14.003334333333331,25.99666566666666,8.976667666666668,31.023332333333325,5.493335333333334,36.049998999999985,2.0100030000000046,41.076665666666656,-1.4733293333333393
240,2020-09-23,19.219998999999998,19.360001,17.799999,17.959999,17.959999,17.486666666666665,22.51333333333333,14.003334333333331,25.99666566666666,8.976667666666668,31.023332333333325,5.493335333333334,36.049998999999985,2.0100030000000046,41.076665666666656,-1.4733293333333393
241,2020-09-24,17.32,18.389999,16.75,17.85,17.85,17.486666666666665,22.51333333333333,14.003334333333331,25.99666566666666,8.976667666666668,31.023332333333325,5.493335333333334,36.049998999999985,2.0100030000000046,41.076665666666656,-1.4733293333333393
242,2020-09-25,18.02,18.620001000000002,17.950001,18.32,18.32,17.486666666666665,22.51333333333333,14.003334333333331,25.99666566666666,8.976667666666668,31.023332333333325,5.493335333333334,36.049998999999985,2.0100030000000046,41.076665666666656,-1.4733293333333393
243,2020-09-28,18.879998999999998,19.16,18.43,18.809998999999998,18.809998999999998,17.486666666666665,22.51333333333333,14.003334333333331,25.99666566666666,8.976667666666668,31.023332333333325,5.493335333333334,36.049998999999985,2.0100030000000046,41.076665666666656,-1.4733293333333393
244,2020-09-29,18.76,21.120001000000002,18.709999,20.85,20.85,17.486666666666665,22.51333333333333,14.003334333333331,25.99666566666666,8.976667666666668,31.023332333333325,5.493335333333334,36.049998999999985,2.0100030000000046,41.076665666666656,-1.4733293333333393
245,2020-09-30,21.719998999999998,22.59,20.76,21.219998999999998,21.219998999999998,17.486666666666665,22.51333333333333,14.003334333333331,25.99666566666666,8.976667666666668,31.023332333333325,5.493335333333334,36.049998999999985,2.0100030000000046,41.076665666666656,-1.4733293333333393
246,2020-10-01,21.68,21.959999,20.83,21.76,21.76,19.806666333333336,24.003332666666672,17.023332666666672,26.786666333333336,12.826666333333336,30.983332666666673,10.043332666666672,35.17999900000001,7.259999000000008,39.37666533333335,4.476665333333344
247,2020-10-02,20.83,22.200001,20.799999,21.18,21.18,19.806666333333336,24.003332666666672,17.023332666666672,26.786666333333336,12.826666333333336,30.983332666666673,10.043332666666672,35.17999900000001,7.259999000000008,39.37666533333335,4.476665333333344
248,2020-10-05,21.66,21.92,21.07,21.59,21.59,19.806666333333336,24.003332666666672,17.023332666666672,26.786666333333336,12.826666333333336,30.983332666666673,10.043332666666672,35.17999900000001,7.259999000000008,39.37666533333335,4.476665333333344
249,2020-10-06,21.709999,21.940001000000002,20.6,20.67,20.67,19.806666333333336,24.003332666666672,17.023332666666672,26.786666333333336,12.826666333333336,30.983332666666673,10.043332666666672,35.17999900000001,7.259999000000008,39.37666533333335,4.476665333333344
250,2020-10-07,21.059998999999998,21.77,20.790001,21.559998999999998,21.559998999999998,19.806666333333336,24.003332666666672,17.023332666666672,26.786666333333336,12.826666333333336,30.983332666666673,10.043332666666672,35.17999900000001,7.259999000000008,39.37666533333335,4.476665333333344
251,2020-10-08,22.049999,22.450001,21.290001,21.440001000000002,21.440001000000002,19.806666333333336,24.003332666666672,17.023332666666672,26.786666333333336,12.826666333333336,30.983332666666673,10.043332666666672,35.17999900000001,7.259999000000008,39.37666533333335,4.476665333333344
252,2020-10-09,21.620001000000002,21.74,21.32,21.469998999999998,21.469998999999998,19.806666333333336,24.003332666666672,17.023332666666672,26.786666333333336,12.826666333333336,30.983332666666673,10.043332666666672,35.17999900000001,7.259999000000008,39.37666533333335,4.476665333333344
